업무에 바로 쓰는 AWS 입문 2023-01-10 24,300
나도 손글씨 반듯하게 잘 쓰면 소원이 없겠네 2023-01-06 12,420
성공하는 유튜브 채널은 따로 있다 2023-01-06 16,200
프로덕트 매니저는 무슨 일을 하고 있을까 2023-01-06 18,000
[엉뚱소심 유령 탐정단] 3. 무대 뒤의 유령 2023-01-05 11,700
유럽 풍경 수채화 컬러링북 2023-01-05 15,750
러닝 타입스크립트 2023-01-02 23,400
리더십 : 이론과 실제 (9판) 2023-01-02 36,000
혼자 공부하는 데이터 분석 with 파이썬 2023-01-02 23,400
IT CookBook, JAVA 마스터 2023-01-01 30,000
IT CookBook, 데이터 과학을 위한 파이썬 프로그래밍(2판) 2023-01-01 30,000
IT CookBook, 생활 속 예제로 배우는 생생 데이터 분석 2023-01-01 23,000
IT CookBook, 파워포인트 2019 2023-01-01 20,000
메타버스로 구현하는 나만의 세상 2023-01-01 23,000
국제경영학 : 환경과 운영 (17판) 2022-12-30 41,000
유류품 이야기 2022-12-30 17,820
자바스크립트로 배우는 SICP 2022-12-30 40,500
머신러닝을 위한 수학 2022-12-26 28,000
위상수학 첫걸음 2022-12-26 29,000
IT CookBook, 전자기학(2판) 2022-12-25 35,000
NGINX 쿡북(2판) 2022-12-20 18,900
최상위 아이는 이렇게 수학 합니다 2022-12-20 16,200
디지털 비주얼씽킹 2022-12-19 18,900
개미나라 경제툰 2022-12-15 16,200
반도체 특강 : 소자편 2022-12-15 28,000
리얼 오사카 [2023~2024] 2022-12-12 16,920
IT CookBook, 처음 만나는 자동제어공학(2판) 2022-12-05 23,000
데이터로 말한다! 퍼포먼스 마케팅 2022-11-30 18,900
빨간 썰매 2022-11-30 12,600
트랜스포머를 활용한 자연어 처리 2022-11-30 35,100
양자역학 이야기 2022-11-28 16,200
나만을 위한 레이 달리오의 원칙 2022-11-25 16,920
상처받은 인간다움에게 2022-11-24 14,220
리얼 다낭 [2023~2024] 2022-11-15 16,650
부모라는 기회 2022-11-15 16,200
인스타그램&네이버 블로그로 매출이 올라가는 입소문 만들기 2022-11-11 15,300
주택청약의 모든 것 2022-11-11 10,800
자바에서 코틀린으로 2022-11-10 32,400
비즈니스 전략을 위한 AI 인사이트 2022-11-08 24,300
모던 자바스크립트로 배우는 리액트 입문 2022-11-07 20,700
소문난 명강의 : 김범준의 핸즈온 리액트 네이티브 2022-11-07 42,300
UX/UI 디자이너를 위한 실무 피그마(개정판) 2022-11-01 23,400
온디바이스 AI 2022-11-01 27,000
파이썬 웹 프로그래밍, 기초편(3판) 2022-11-01 23,400
데이터 과학을 위한 파이썬과 R 2022-10-28 16,200
리얼 호치민 [2022~2023] 2022-10-27 16,200
만화로 배우는 요리의 역사 2022-10-25 18,810
누구나 R 데이터 분석 2022-10-20 27,000
신비한 뮤직박스 1 : 판도리아에 온 걸 환영해 2022-10-20 13,500
STEM CookBook, 정수론 첫걸음 2022-10-17 33,000
[엉뚱소심 유령 탐정단]  1. 도서관 유령 소동 2022-10-14 11,700
[엉뚱소심 유령 탐정단]  2. 다락방 유령 사건 2022-10-14 11,700
전문가를 위한 C 2022-10-12 49,500
손목시계의 교양 2022-10-11 22,500
파이썬 라이브러리를 활용한 텍스트 분석 2022-10-11 31,500
국내 최다 이모티콘 승인 작가 씨엠제이가 알려주는 승인율 99.9% 이모티콘 만들기 2022-10-10 13,500
IT CookBook, C# 프로그래밍 for Beginner 2022-10-06 27,000
엄마의 말하기 연습 (20만부 기념 스페셜 에디션) 2022-10-05 13,320
엄마와 물건 2022-10-04 15,120
소프트웨어 아키텍처 The Hard Parts 2022-10-01 32,400
R과 jamovi를 활용한 한번에 적용하는 의학보건통계 2022-09-30 32,000
만화로 배우는 불멸의 역사 2022-09-30 17,550
파이썬 기반 금융 인공지능 2022-09-30 37,800
어쩌다 데이터 분석 with 파이썬 2022-09-29 25,200
글로벌 시장환경과 국제경영 2022-09-26 40,000
답답해서 찾아왔습니다 2022-09-23 16,020
협력의 유전자 2022-09-23 19,800
모션 그래픽 디자인을 위한 애프터 이펙트 실무 강의 2022-09-16 24,300
미래 세상의 모빌리티 2022-09-15 23,000
리얼 교토 [2022~2023 개정판] 2022-09-05 16,200
이것이 자바다(개정판) 2022-09-05 32,400
IT CookBook, 처음 만나는 전력공학(2판) 2022-09-02 27,000
판다스 인 액션 2022-09-01 34,200
경영경제 통계학 4판 : Excel과 R의 실전적 활용 2022-08-31 38,000
세븐 파워 2022-08-31 16,650
엑셀 바이블(개정판) : 실무에 최적화된 엑셀 사용서(모든 버전 사용 가능) 2022-08-31 35,100
4차 산업혁명 시대의 국제마케팅(8판) 2022-08-30 29,000
데이터로 전문가처럼 말하기 2022-08-30 25,200
만화로 배우는 동물의 역사 2022-08-30 17,550
소문난 명강의 : 김기현의 딥러닝 부트캠프 with 파이토치 2022-08-30 34,200
스마트 물류 비즈니스를 위한 글로벌 공급사슬관리(2판) 2022-08-30 29,000
신제품 개발 관리 2022-08-30 29,000
광고론(2판) 2022-08-29 34,000
코드로 인프라 관리하기(2판) 2022-08-29 30,600
전략경영 : 개념과 사례, 경쟁우위 접근법 (제17판) 2022-08-25 39,000
개발자를 위한 머신러닝&딥러닝 2022-08-24 30,600
리얼 방콕 [2022~2023 최신판] 2022-08-23 16,200
10억이 열린다 2022-08-22 15,120
오려도 오려도 끝판왕 진짜! 마트 오리기 2022-08-22 13,950
AWS 비용 최적화 바이블 2022-08-17 27,000
혼자 공부하는 컴퓨터 구조+운영체제 2022-08-16 25,200
오늘부터 IT를 시작합니다 2022-08-12 16,200
SQL로 시작하는 데이터 분석 2022-08-10 27,000
피, 땀, 리셋 : 게임 개발 속 숨은 영웅들의 이야기 2022-08-10 21,600
STEM CookBook, 문제 해결력을 키우는 기계설계 2022-08-05 34,000
레 미제라블 2022-08-05 14,220
빨강 머리 앤 2022-08-05 14,220
제인 에어 2022-08-05 14,220
주홍 글자 2022-08-05 14,220
이것이 자료구조+알고리즘이다 with C 언어 2022-08-03 30,600
[두뇌 게임 시리즈 2] 어른을 위한 두뇌 놀이 책(플러스) 2022-08-01 10,800
[두뇌 게임 시리즈 3] 어른을 위한 두뇌 놀이 책(도전편) 2022-08-01 11,700
받침 없는 한글 동화 : 4권 세트 2022-07-30 49,680
받침 없는 한글 동화 : 도, 도, 도깨비다! 2022-07-30 12,420
받침 없는 한글 동화 : 도깨비 파자마 파티 2022-07-30 12,420
받침 없는 한글 동화 : 무시무시 마녀가 이사 와! 2022-07-30 12,420
받침 없는 한글 동화 : 바쁘다 바빠 너구리 바빠 2022-07-30 12,420
회사에서 바로 통하는  오토캐드 AutoCAD 2023 2022-07-29 25,200
경영분석(6판) 2022-07-22 36,000
회사에서 바로 통하는 최강 실무 엑셀 2022-07-22 19,800
리얼 몽골 [2022~2023 최신판] 2022-07-20 16,200
오늘도 시작하지 못하는 당신을 위해 2022-07-20 14,850
IT CookBook, 기초부터 시작하는 PLC : OMRON NX 2022-07-18 32,000
IT CookBook, 원리로 이해하는 전력전자공학(2판) 2022-07-11 30,000
트러스트 2022-07-06 16,920
구글 앱스 스크립트 완벽 가이드 2022-07-05 36,000
리얼 싱가포르 [2022~2023 최신판] 2022-07-05 16,200
원소 이야기 2022-07-05 15,300
핸즈온 데이터 시각화 2022-07-04 34,200
IT CookBook, TCP/IP 소켓 프로그래밍(2판) 2022-06-30 32,000
IT CookBook, 쉽게 배우는 데이터 통신과 컴퓨터 네트워크(3판) 2022-06-30 30,000
IT CookBook, 우분투 리눅스(3판) 2022-06-30 34,000
거시경제학(3판) 2022-06-30 36,000
생각하는 힘이 붙는 첫 숨은그림찾기 2022-06-30 6,300
실용적 접근 방식의 경영학원론(10판) 2022-06-30 39,000
인피니티 2022-06-30 17,820
파이썬을 활용한 베이지안 통계(2판) 2022-06-30 28,800
비즈니스 데이터 과학 2022-06-29 31,500
혼자 해도 프로 작가처럼 잘 그리는 아이패드 드로잉 with 프로크리에이트 2022-06-27 19,800
IT CookBook, C로 시작하는 컴퓨터 프로그래밍(4판) 2022-06-26 23,000
IT CookBook, 인터넷 해킹과 보안(4판) 2022-06-25 29,000
IT CookBook, 파이썬 데이터 분석 for Beginner 2022-06-23 28,000
리얼 뉴질랜드 [2022~2023 최신판] 2022-06-23 18,000
Strategic Management, 17th Edition 2022-06-22 79,000
IT CookBook, 엑셀 2019 2022-06-20 20,000
쉽게 따라하는 NFT 마스터 가이드 2022-06-15 18,000
오늘부터 팀장입니다 2022-06-13 16,020
IT CookBook, 소프트웨어 공학 이론과 실제 2022-06-10 33,000
공학도라면 반드시 알아야 할 최소한의 수학(8판) 2022-06-10 25,000
이그노벨상 읽어드립니다 2022-06-10 15,750
초등 공부 습관 바이블: 똑같이 하는데 탁월한 결과를 내는 아이는 무엇이 다를까? 2022-06-10 16,200
회사에서 바로 통하는 엑셀 FOR STARTERS(개정판) 2022-06-10 13,500
회사에서 바로 통하는 파워포인트 FOR STARTERS(개정판) 2022-06-10 13,500
기업의 성공을 이끄는 Developer Relations 2022-06-03 20,700
사례 분석으로 배우는 데이터 시각화 2022-06-03 25,200
클라우드 네이티브 애플리케이션 디자인 패턴 2022-06-02 25,200
변화하는 세계 질서 2022-06-01 34,200
아이주도이유식 레시피북(개정판) 2022-06-01 15,750
혼자 공부하는파이썬(개정판) 2022-06-01 19,800
소문난 명강의 : 소플의 처음 만난 리액트 2022-05-31 29,700
리얼 호주 [2022~2023 최신판] 2022-05-30 19,800
적정 소프트웨어 아키텍처 2022-05-30 28,800
회사에서 바로 통하는 실무 엑셀+파워포인트+워드&한글(모든 버전 사용 가능, 개정판) 2022-05-27 19,800
혼자 공부하는 얄팍한 코딩 지식 2022-05-25 16,200
IT CookBook, UI/UX 디자인 이론과 실무 with 어도비 XD 2022-05-20 30,000
똑똑한 코드 작성을 위한 실전 알고리즘 2022-05-20 17,820
때려치우기의 기술 2022-05-13 14,400
구글 엔지니어는 이렇게 일한다 2022-05-10 40,500
실무자를 위한 그래프 데이터 활용법 2022-05-10 33,300
완성된 웹사이트로 배우는 HTML&CSS 웹 디자인 2022-05-10 19,800
리얼 국내여행 2022~2023(개정판) 2022-05-03 16,200
STEM CookBook, 공학 기초수학(2판) 2022-05-02 22,000
리얼 제주 [2022~2023년 최신판] 2022-05-02 15,300
벌레가 되어도 출근은 해야 해 2022-05-02 14,400
일잘러의 비밀, 엑셀 대신 파이썬으로 업무 자동화하기 2022-05-02 21,600
똑똑한 두뇌 연습 : 300개 미로찾기 2022-04-30 13,320
MLOps 도입 가이드 2022-04-29 19,800
엑셀, R, 파이썬으로 시작하는 데이터 분석 2022-04-29 19,800
엑셀이 편해지는 파이썬 2022-04-20 25,200
올림포스 연대기 2022-04-20 16,200
쉽게 배우는 AWS AI 서비스 2022-04-15 27,000
상식적으로 상식을 배우는 법 2022-04-14 13,320
엑셀로 부자되기 2022-04-12 16,200
데이터 익명화를 위한 파이프라인 2022-04-11 18,000
저는 해외주식투자가 처음인데요 2022-04-11 15,750
XGBoost와 사이킷런을 활용한 그레이디언트 부스팅 2022-04-08 30,600
동시성 프로그래밍 2022-04-05 30,600
엄마가 만드는 초등 수학 자신감 2022-04-01 14,400
우리 고양이, 이럴 땐 어떡하지? 2022-04-01 13,500
케라스로 구현하는 딥러닝 2022-04-01 27,000
파이썬을 활용한 금융 분석(2판) 2022-03-31 40,500
유연한 소프트웨어를 만드는 설계 원칙 2022-03-30 31,500
대통령의 숙제 2022-03-28 14,850
맛있는 디자인 애프터 이펙트 CC 2022 2022-03-25 21,600
STEM CookBook, Beer의 정역학과 재료역학(3판) 2022-03-22 39,000
3일 만에 끝내는 초등 글쓰기 트레이닝 북 2022-03-21 11,520
도메인 주도 개발 시작하기 2022-03-21 25,200
STEIN 푸리에 해석학 2022-03-18 38,000
뛰지 마라, 지친다 2022-03-16 14,400
맛있는 디자인 프리미어 프로 CC 2022 2022-03-16 21,600
헤드 퍼스트 디자인 패턴(개정판) 2022-03-16 32,400
세금의 세계사 2022-03-15 16,020
시맨틱 데이터 모형화 2022-03-15 27,000
찐 UXer가 알려주는 UX/UI 실무 가이드 2022-03-15 21,600
처음 배우는 엘릭서 프로그래밍 2022-03-14 37,800
고객을 끌어오는 구글 애널리틱스4 2022-03-10 27,000
머신러닝 실무 프로젝트(2판) 2022-03-10 21,600
쏙쏙 한글 깨치기 1단계 듣기∙읽기 2022-03-10 10,800
쏙쏙 한글 깨치기 1단계 만들기∙쓰기 2022-03-10 11,700
쏙쏙 한글 깨치기 1단계 말놀이 동시 2022-03-10 11,700
쏙쏙 한글 깨치기 1단계 세트(받침 없는 글자) 2022-03-10 34,200
쏙쏙 한글 깨치기 2단계 듣기∙읽기 2022-03-10 10,800
쏙쏙 한글 깨치기 2단계 만들기∙쓰기 2022-03-10 11,700
쏙쏙 한글 깨치기 2단계 말놀이 동시 2022-03-10 11,700
쏙쏙 한글 깨치기 2단계 세트(받침 있는 글자) 2022-03-10 34,200
자바 마이크로서비스를 활용한 SRE 2022-03-10 23,400
맛있는 디자인 일러스트레이터 CC 2022 2022-03-04 21,600
미분적분학 : 기초부터 응용까지 2022-03-04 35,000
맛있는 디자인 포토샵 CC 2022 2022-03-03 18,900
리얼 괌 [2022~2023 개정판] 2022-03-02 15,300
인공지능 시대의 문화기술 2022-03-02 22,000
재무회계 with IFRS 2022-03-02 44,000
상법강의 2022-02-28 45,000
처음 만나는 WSL 2022-02-28 18,000
나도 칼림바 잘 치면 소원이 없겠네 2022-02-25 13,320
러닝 Go 2022-02-25 30,600
세상을 구한 의학의 전설들 2022-02-25 16,920
파이썬 라이브러리를 활용한 머신러닝(번역개정2판) 2022-02-25 29,700
소비자 행동론 제 13판 2022-02-21 39,000
파이썬으로 시작하는 컴퓨터 프로그래밍 2022-02-21 25,000
만화로 배우는 조선 왕실의 신화 2022-02-18 17,820
소문난 명강의 : 레트로의 유니티 게임 프로그래밍 에센스(개정판) 2022-02-14 54,000
STEIN 복소해석학 2022-02-10 36,000
메타버스를 디자인하라 2022-02-10 17,100
운영관리(13판) 2022-02-10 42,000
저는 기업분석이 처음인데요(2022년 개정판) 2022-02-10 17,100
리얼 하와이 [2022~2023 개정판] 2022-02-01 16,200
쿠브플로 운영 가이드 2022-01-31 22,500
STEM CookBook, 문제 해결력을 키우는 동역학 2022-01-29 32,000
IT CookBook, 디지털 신호 처리(2판) 2022-01-28 33,000
조직행동론(3판) 2022-01-28 38,000
ISE Business Statistics: Communicating with Numbers [4th Edition] 2022-01-26 50,000
IT CookBook, Android Studio를 활용한 안드로이드 프로그래밍(7판) 2022-01-22 33,000
IT CookBook, 원리로 이해하는 무선공학 2022-01-22 32,000
1학년 바른 글씨 2022-01-20 10,800
IT CookBook, 실전에 강한 드론 제작과 정비 : 이론부터 실무까지 2022-01-20 28,000
SQL 쿡북 2022-01-20 36,000
일상을 담는 아이패드 드로잉 2022-01-20 16,200
혼자 공부하는 R 데이터 분석 2022-01-17 19,800
IT CookBook, 쉽게 배우는 자료구조 with 자바 2022-01-16 29,000
IT CookBook, 쉽게 배우는 자료구조 with 파이썬 2022-01-16 29,000
IT CookBook, 데이터베이스 개론(3판) 2022-01-15 29,000
IT CookBook, 디지털 논리회로 실험(2판) 2022-01-15 25,000
IT CookBook, 디지털 논리회로(4판) 2022-01-15 32,000
공학도를 위한 수치해석(8판) 2022-01-10 36,000
리버스 엔지니어링 기드라 실전 가이드 2022-01-10 45,000
저는 주식투자가 처음인데요(기본편 2022년 개정판) 2022-01-10 16,650
초등 매일 독서의 힘 2022-01-10 15,300
맛있는 디자인 포토샵&일러스트레이터 CC 2022 2022-01-07 19,800
1학년 한글 떼기 2022-01-05 10,800
파워포인트 디자인 실무 강의 with 신프로 2022-01-05 16,200
AI로 일하는 기술 2022-01-03 16,200
Case, Fair, Oster의 경제학원론 2022-01-03 39,000
IT CookBook, C 언어 for Beginner 4판 2022-01-03 26,000
IT CookBook, 가상현실의 이해 2022-01-03 22,000
IT CookBook, 난생처음 C 언어 프로그래밍 2022-01-03 25,000
IT CookBook, 데이터 과학을 위한 파이썬 머신러닝 2022-01-03 30,000
IT CookBook, 엑셀과 파워포인트 2019 2022-01-03 23,000
IT CookBook, 자바스크립트 프로그래밍 입문(2판) 2022-01-03 27,000
IT CookBook, 파이썬 for Beginner(3판) 2022-01-03 25,000
SRE를 위한 시스템 설계와 구축 2022-01-03 36,000
이것이 안드로이드다 with 코틀린(3판) 2022-01-03 30,600
팀장부터 CEO까지 알아야 할 기업 정보보안 가이드 2022-01-03 22,500
기본 재무관리(제5판) 2021-12-31 42,000
세밀화로 보는 멸종 동물 도감 2021-12-30 19,800
저는 주식투자가 처음인데요(투자전략편 2022년 개정판) 2021-12-30 16,650
(개발자에게 필요 없는 수학은 없다) 프로그래머를 위한 수학 2021-12-29 42,000
금융 전략을 위한 머신러닝 2021-12-27 31,500
STEM CookBook, 컴퓨팅 사고력을 키우는 이산수학(3판) 2021-12-26 29,000
그래프QL 인 액션 2021-12-24 31,500
무던한 개발자를 위한 모던한 자바스크립트 2021-12-20 28,800
비전 시스템을 위한 딥러닝 2021-12-20 34,200
소문난 명강의 : 오준석의 안드로이드 생존코딩_코틀린 편(2판) 2021-12-17 28,800
하루 한 장 초등과학 365 2021-12-14 17,820
다시, 배우다 2021-12-10 14,400
당당한 디자인 결정을 위한 9가지 방법 2021-12-10 19,800
슈퍼 석세스 2021-12-03 22,500
365 부모 말하기 연습 일력(스프링북) 2021-12-01 16,200
엑셀 매크로&VBA 업무 공략집 2021-11-30 19,800
데이터 과학자 되는 법 2021-11-26 21,600
돈 되는 기획 2021-11-26 13,050
빠르게 찾아 바로 적용하는 엑셀 에센스 사전 100 2021-11-25 16,200
초등 어휘력이 공부력이다 2021-11-25 16,200
만화로 배우는 의학의 역사(개정판) 2021-11-15 18,720
